sku,descricao,categoria,marca,aplicacao,preco_tabela,custo_unitario,unidade,ativo,data_lancamento
SKU00001,Pastilha de Freio Magneti Marelli Linha Fiat KIT 5,Pastilha de Freio,Magneti Marelli,Linha Fiat,199.14,108.56,KIT 5,S,
SKU00002,Pastilha de Freio NGK Linha Toyota KIT 3,Pastilha de Freio,NGK,Linha Toyota,337.35,178.83,KIT 3,S,
SKU00003,Pastilha de Freio Nakata Linha VW KIT 5,Pastilha de Freio,Nakata,Linha VW,318.50,179.09,KIT 5,S,2025-04-07
SKU00004,Pastilha de Freio SKF Linha Honda CX 24,Pastilha de Freio,SKF,Linha Honda,305.52,171.61,CX 24,S,2025-07-31
SKU00005,Pastilha de Freio Bosch Linha Ford CX 12,Pastilha de Freio,Bosch,Linha Ford,406.21,216.43,CX 12,S,
SKU00006,Pastilha de Freio Magneti Marelli Linha Renault KIT 5,Pastilha de Freio,Magneti Marelli,Linha Renault,253.89,142.89,KIT 5,S,2025-01-18
SKU00007,Pastilha de Freio NGK Linha Hyundai CX 24,Pastilha de Freio,NGK,Linha Hyundai,408.18,240.99,CX 24,S,2025-03-08
SKU00008,Pastilha de Freio Monroe Linha Toyota UN,Pastilha de Freio,Monroe,Linha Toyota,303.34,163.68,UN,S,2025-02-15
SKU00009,Pastilha de Freio Varga Linha Toyota KIT 5,Pastilha de Freio,Varga,Linha Toyota,199.59,105.72,KIT 5,S,
SKU00010,Pastilha de Freio Nakata Linha GM KIT 3,Pastilha de Freio,Nakata,Linha GM,172.64,98.69,KIT 3,S,
SKU00011,Pastilha de Freio Bosch Linha GM UN,Pastilha de Freio,Bosch,Linha GM,240.83,135.85,UN,S,
SKU00012,Pastilha de Freio Magneti Marelli Linha Hyundai CX 6,Pastilha de Freio,Magneti Marelli,Linha Hyundai,402.43,235.56,CX 6,S,
SKU00013,Pastilha de Freio Varga Universal KIT 3,Pastilha de Freio,Varga,Universal,178.92,100.06,KIT 3,S,2026-05-24
SKU00014,Pastilha de Freio Magneti Marelli Linha Fiat KIT 5,Pastilha de Freio,Magneti Marelli,Linha Fiat,138.17,77.26,KIT 5,S,
SKU00015,Pastilha de Freio Bosch Linha Nissan UN,Pastilha de Freio,Bosch,Linha Nissan,152.98,86.04,UN,S,
SKU00016,Pastilha de Freio SKF Linha Citroën UN,Pastilha de Freio,SKF,Linha Citroën,393.67,234.00,UN,S,
SKU00017,Pastilha de Freio Bosch Universal KIT 3,Pastilha de Freio,Bosch,Universal,305.41,182.43,KIT 3,S,2024-11-18
SKU00018,Pastilha de Freio Bosch Linha Renault UN,Pastilha de Freio,Bosch,Linha Renault,254.59,135.95,UN,S,
SKU00019,Pastilha de Freio Magneti Marelli Linha Fiat CX 24,Pastilha de Freio,Magneti Marelli,Linha Fiat,342.78,180.71,CX 24,S,
SKU00020,Pastilha de Freio Bosch Linha Renault CX 24,Pastilha de Freio,Bosch,Linha Renault,102.40,58.04,CX 24,S,
SKU00021,Pastilha de Freio NGK Universal CX 24,Pastilha de Freio,NGK,Universal,110.17,58.35,CX 24,S,
SKU00022,Pastilha de Freio SKF Linha Renault CX 24,Pastilha de Freio,SKF,Linha Renault,297.06,157.96,CX 24,S,
SKU00023,Pastilha de Freio NGK Linha Honda UN,Pastilha de Freio,NGK,Linha Honda,116.30,65.97,UN,S,
SKU00024,Pastilha de Freio Monroe Linha Hyundai CX 24,Pastilha de Freio,Monroe,Linha Hyundai,409.27,219.10,CX 24,S,
SKU00025,Pastilha de Freio Bosch Linha Renault UN,Pastilha de Freio,Bosch,Linha Renault,192.83,106.29,UN,S,
SKU00026,Pastilha de Freio Magneti Marelli Linha GM CX 24,Pastilha de Freio,Magneti Marelli,Linha GM,313.83,164.04,CX 24,S,
SKU00027,Pastilha de Freio SKF Linha Renault KIT 5,Pastilha de Freio,SKF,Linha Renault,272.93,153.93,KIT 5,S,
SKU00028,Pastilha de Freio Nakata Linha Fiat KIT 5,Pastilha de Freio,Nakata,Linha Fiat,106.70,60.06,KIT 5,S,
SKU00029,Pastilha de Freio Varga Linha Peugeot UN,Pastilha de Freio,Varga,Linha Peugeot,144.11,74.97,UN,S,
SKU00030,Pastilha de Freio Magneti Marelli Linha Peugeot CX 6,Pastilha de Freio,Magneti Marelli,Linha Peugeot,134.71,71.54,CX 6,S,
SKU00031,Pastilha de Freio Monroe Linha VW UN,Pastilha de Freio,Monroe,Linha VW,263.12,139.43,UN,S,
SKU00032,Pastilha de Freio NGK Linha Nissan KIT 3,Pastilha de Freio,NGK,Linha Nissan,380.70,223.46,KIT 3,S,
SKU00033,Pastilha de Freio Magneti Marelli Linha Fiat KIT 3,Pastilha de Freio,Magneti Marelli,Linha Fiat,259.43,154.77,KIT 3,S,
SKU00034,Pastilha de Freio NGK Linha Honda UN,Pastilha de Freio,NGK,Linha Honda,132.18,77.01,UN,N,
SKU00035,Pastilha de Freio Varga Linha Ford KIT 3,Pastilha de Freio,Varga,Linha Ford,323.44,180.53,KIT 3,N,
SKU00036,Pastilha de Freio Varga Universal CX 24,Pastilha de Freio,Varga,Universal,326.88,175.81,CX 24,S,
SKU00037,Pastilha de Freio Nakata Linha Ford UN,Pastilha de Freio,Nakata,Linha Ford,308.94,161.69,UN,S,
SKU00038,Pastilha de Freio Magneti Marelli Linha Peugeot KIT 5,Pastilha de Freio,Magneti Marelli,Linha Peugeot,321.68,175.65,KIT 5,S,
SKU00039,Pastilha de Freio NGK Linha VW KIT 3,Pastilha de Freio,NGK,Linha VW,150.65,81.58,KIT 3,S,
SKU00040,Pastilha de Freio Varga Linha Toyota KIT 3,Pastilha de Freio,Varga,Linha Toyota,100.92,54.19,KIT 3,N,
SKU00041,Pastilha de Freio Bosch Linha Renault CX 24,Pastilha de Freio,Bosch,Linha Renault,364.12,199.29,CX 24,S,
SKU00042,Pastilha de Freio Varga Linha Fiat CX 24,Pastilha de Freio,Varga,Linha Fiat,263.17,156.61,CX 24,N,
SKU00043,Pastilha de Freio Varga Linha GM KIT 5,Pastilha de Freio,Varga,Linha GM,369.66,204.10,KIT 5,S,
SKU00044,Pastilha de Freio Varga Linha Citroën KIT 3,Pastilha de Freio,Varga,Linha Citroën,104.70,60.50,KIT 3,N,
SKU00045,Pastilha de Freio SKF Linha Hyundai CX 6,Pastilha de Freio,SKF,Linha Hyundai,224.35,127.50,CX 6,N,
SKU00046,Pastilha de Freio SKF Linha Ford KIT 3,Pastilha de Freio,SKF,Linha Ford,285.37,167.85,KIT 3,S,2025-02-04
SKU00047,Pastilha de Freio Bosch Linha GM CX 12,Pastilha de Freio,Bosch,Linha GM,191.88,104.94,CX 12,S,
SKU00048,Pastilha de Freio NGK Linha GM KIT 5,Pastilha de Freio,NGK,Linha GM,119.91,65.38,KIT 5,S,
SKU00049,Pastilha de Freio SKF Linha Ford UN,Pastilha de Freio,SKF,Linha Ford,415.38,247.90,UN,S,
SKU00050,Pastilha de Freio Nakata Linha Fiat CX 6,Pastilha de Freio,Nakata,Linha Fiat,242.04,128.26,CX 6,S,
SKU00051,Pastilha de Freio Bosch Linha VW CX 24,Pastilha de Freio,Bosch,Linha VW,107.08,61.71,CX 24,S,2026-04-26
SKU00052,Pastilha de Freio NGK Universal CX 24,Pastilha de Freio,NGK,Universal,362.30,208.62,CX 24,S,
SKU00053,Pastilha de Freio Magneti Marelli Linha Fiat CX 24,Pastilha de Freio,Magneti Marelli,Linha Fiat,135.19,77.58,CX 24,S,
SKU00054,Filtro de Óleo Fram Linha Citroën UN,Filtro de Óleo,Fram,Linha Citroën,170.81,80.58,UN,S,
SKU00055,Filtro de Óleo Fram Linha Peugeot KIT 5,Filtro de Óleo,Fram,Linha Peugeot,173.57,84.18,KIT 5,N,
SKU00056,Filtro de Óleo Fram Linha Renault KIT 5,Filtro de Óleo,Fram,Linha Renault,114.37,56.09,KIT 5,S,
SKU00057,Filtro de Óleo Tecfil Linha Ford CX 12,Filtro de Óleo,Tecfil,Linha Ford,94.52,42.93,CX 12,S,
SKU00058,Filtro de Óleo NGK Linha Nissan CX 12,Filtro de Óleo,NGK,Linha Nissan,222.63,106.42,CX 12,S,
SKU00059,Filtro de Óleo Magneti Marelli Linha VW CX 12,Filtro de Óleo,Magneti Marelli,Linha VW,61.57,28.50,CX 12,N,
SKU00060,Filtro de Óleo Nakata Linha Peugeot CX 24,Filtro de Óleo,Nakata,Linha Peugeot,203.29,93.59,CX 24,S,
SKU00061,Filtro de Óleo Tecfil Linha VW CX 6,Filtro de Óleo,Tecfil,Linha VW,67.42,34.27,CX 6,S,
SKU00062,Filtro de Óleo Fram Linha Fiat CX 12,Filtro de Óleo,Fram,Linha Fiat,174.62,87.84,CX 12,S,
SKU00063,Filtro de Óleo Tecfil Linha Ford CX 12,Filtro de Óleo,Tecfil,Linha Ford,121.82,55.99,CX 12,S,
SKU00064,Filtro de Óleo Magneti Marelli Linha Hyundai CX 12,Filtro de Óleo,Magneti Marelli,Linha Hyundai,178.58,90.10,CX 12,S,2025-12-09
SKU00065,Filtro de Óleo Tecfil Linha Fiat CX 12,Filtro de Óleo,Tecfil,Linha Fiat,145.50,75.61,CX 12,S,
SKU00066,Filtro de Óleo NGK Linha Renault CX 24,Filtro de Óleo,NGK,Linha Renault,45.55,22.99,CX 24,S,
SKU00067,Filtro de Óleo NGK Linha Fiat CX 24,Filtro de Óleo,NGK,Linha Fiat,149.02,75.38,CX 24,S,
SKU00068,Filtro de Óleo Magneti Marelli Linha VW KIT 3,Filtro de Óleo,Magneti Marelli,Linha VW,166.03,73.24,KIT 3,S,
SKU00069,Filtro de Óleo Nakata Linha Peugeot CX 6,Filtro de Óleo,Nakata,Linha Peugeot,68.58,30.50,CX 6,S,
SKU00070,Filtro de Óleo Fram Linha Peugeot CX 24,Filtro de Óleo,Fram,Linha Peugeot,150.51,75.69,CX 24,S,
SKU00071,Filtro de Óleo Magneti Marelli Linha Ford CX 6,Filtro de Óleo,Magneti Marelli,Linha Ford,188.09,96.48,CX 6,S,
SKU00072,Filtro de Óleo Magneti Marelli Linha Hyundai CX 6,Filtro de Óleo,Magneti Marelli,Linha Hyundai,64.89,31.20,CX 6,S,
SKU00073,Filtro de Óleo NGK Linha VW KIT 3,Filtro de Óleo,NGK,Linha VW,148.58,73.71,KIT 3,N,2025-05-01
SKU00074,Filtro de Óleo Magneti Marelli Linha Nissan KIT 3,Filtro de Óleo,Magneti Marelli,Linha Nissan,178.95,79.93,KIT 3,S,
SKU00075,Filtro de Óleo Tecfil Linha Renault KIT 5,Filtro de Óleo,Tecfil,Linha Renault,255.40,123.49,KIT 5,S,2026-05-12
SKU00076,Filtro de Óleo Fram Universal CX 12,Filtro de Óleo,Fram,Universal,96.79,48.81,CX 12,N,
SKU00077,Filtro de Óleo Tecfil Linha Citroën CX 6,Filtro de Óleo,Tecfil,Linha Citroën,191.79,92.51,CX 6,S,
SKU00078,Filtro de Óleo NGK Linha GM CX 24,Filtro de Óleo,NGK,Linha GM,65.72,32.60,CX 24,S,
SKU00079,Filtro de Óleo Fram Linha Honda CX 12,Filtro de Óleo,Fram,Linha Honda,50.29,24.62,CX 12,S,
SKU00080,Filtro de Óleo Fram Linha GM KIT 3,Filtro de Óleo,Fram,Linha GM,96.35,47.06,KIT 3,S,2025-06-02
SKU00081,Filtro de Óleo Tecfil Linha GM KIT 3,Filtro de Óleo,Tecfil,Linha GM,105.39,49.64,KIT 3,S,2025-11-10
SKU00082,Filtro de Óleo NGK Linha VW CX 24,Filtro de Óleo,NGK,Linha VW,259.13,119.65,CX 24,S,
SKU00083,Filtro de Óleo Nakata Linha Peugeot CX 6,Filtro de Óleo,Nakata,Linha Peugeot,46.16,22.74,CX 6,S,
SKU00084,Filtro de Óleo Fram Linha Fiat UN,Filtro de Óleo,Fram,Linha Fiat,203.29,100.51,UN,S,
SKU00085,Filtro de Óleo Magneti Marelli Linha VW CX 24,Filtro de Óleo,Magneti Marelli,Linha VW,134.49,59.41,CX 24,S,
SKU00086,Filtro de Óleo NGK Linha Nissan CX 6,Filtro de Óleo,NGK,Linha Nissan,240.74,118.59,CX 6,S,
SKU00087,Filtro de Óleo Fram Linha Honda UN,Filtro de Óleo,Fram,Linha Honda,52.88,24.34,UN,S,
SKU00088,Filtro de Óleo Tecfil Linha VW KIT 5,Filtro de Óleo,Tecfil,Linha VW,78.96,38.75,KIT 5,S,
SKU00089,Filtro de Óleo NGK Linha Toyota UN,Filtro de Óleo,NGK,Linha Toyota,69.33,33.34,UN,S,
SKU00090,Filtro de Óleo Fram Linha Nissan UN,Filtro de Óleo,Fram,Linha Nissan,59.54,27.45,UN,S,
SKU00091,Filtro de Óleo Magneti Marelli Universal KIT 3,Filtro de Óleo,Magneti Marelli,Universal,212.23,95.39,KIT 3,S,
SKU00092,Bateria Cofap Linha Honda CX 6,Bateria,Cofap,Linha Honda,37.32,18.97,CX 6,S,
SKU00093,Bateria Cofap Linha Citroën CX 24,Bateria,Cofap,Linha Citroën,119.54,57.72,CX 24,S,
SKU00094,Bateria Monroe Linha Peugeot CX 12,Bateria,Monroe,Linha Peugeot,130.15,67.18,CX 12,S,
SKU00095,Bateria Cofap Linha Ford CX 24,Bateria,Cofap,Linha Ford,149.22,72.72,CX 24,N,2025-06-30
SKU00096,Bateria NGK Linha Citroën KIT 5,Bateria,NGK,Linha Citroën,101.58,51.03,KIT 5,S,
SKU00097,Bateria Cofap Linha Peugeot CX 24,Bateria,Cofap,Linha Peugeot,97.03,49.48,CX 24,S,
SKU00098,Bateria Cofap Linha Renault CX 12,Bateria,Cofap,Linha Renault,153.25,79.76,CX 12,S,
SKU00099,Bateria Monroe Linha VW CX 12,Bateria,Monroe,Linha VW,130.14,63.94,CX 12,S,
SKU00100,Bateria NGK Linha Nissan CX 24,Bateria,NGK,Linha Nissan,128.21,70.86,CX 24,S,
SKU00101,Bateria Varga Linha Toyota CX 24,Bateria,Varga,Linha Toyota,61.69,31.68,CX 24,S,
SKU00102,Bateria Cofap Linha GM CX 12,Bateria,Cofap,Linha GM,134.54,69.99,CX 12,S,
SKU00103,Bateria Monroe Linha Toyota CX 24,Bateria,Monroe,Linha Toyota,50.21,25.80,CX 24,S,
SKU00104,Bateria Cofap Linha Ford UN,Bateria,Cofap,Linha Ford,52.69,28.70,UN,S,
SKU00105,Bateria NGK Linha Toyota KIT 3,Bateria,NGK,Linha Toyota,75.21,37.52,KIT 3,S,
SKU00106,Bateria Cofap Linha Peugeot UN,Bateria,Cofap,Linha Peugeot,33.63,16.25,UN,S,
SKU00107,Bateria Monroe Linha VW UN,Bateria,Monroe,Linha VW,93.70,46.76,UN,S,
SKU00108,Bateria Monroe Linha Hyundai CX 6,Bateria,Monroe,Linha Hyundai,139.69,76.41,CX 6,S,
SKU00109,Bateria Cofap Linha Fiat KIT 5,Bateria,Cofap,Linha Fiat,151.39,77.51,KIT 5,S,2025-09-21
SKU00110,Bateria Cofap Linha Toyota KIT 5,Bateria,Cofap,Linha Toyota,129.86,64.25,KIT 5,S,2025-01-08
SKU00111,Bateria NGK Linha VW CX 12,Bateria,NGK,Linha VW,126.58,70.57,CX 12,N,
SKU00112,Bateria NGK Linha Ford CX 12,Bateria,NGK,Linha Ford,44.37,22.01,CX 12,S,
SKU00113,Bateria Monroe Linha Citroën CX 24,Bateria,Monroe,Linha Citroën,66.16,33.54,CX 24,N,
SKU00114,Bateria Monroe Linha Hyundai CX 6,Bateria,Monroe,Linha Hyundai,163.87,80.46,CX 6,S,
SKU00115,Bateria Varga Linha Citroën CX 24,Bateria,Varga,Linha Citroën,57.67,29.95,CX 24,S,
SKU00116,Bateria NGK Linha GM CX 24,Bateria,NGK,Linha GM,155.68,77.45,CX 24,S,
SKU00117,Bateria NGK Linha Peugeot CX 12,Bateria,NGK,Linha Peugeot,73.02,40.65,CX 12,S,
SKU00118,Bateria Varga Universal KIT 3,Bateria,Varga,Universal,81.68,44.75,KIT 3,S,
SKU00119,Bateria NGK Linha VW CX 12,Bateria,NGK,Linha VW,95.56,50.84,CX 12,S,
SKU00120,Bateria Varga Linha Honda KIT 5,Bateria,Varga,Linha Honda,82.25,42.94,KIT 5,S,
SKU00121,Bateria Monroe Linha VW KIT 3,Bateria,Monroe,Linha VW,53.54,27.25,KIT 3,S,
SKU00122,Disco de Freio Bosch Linha Hyundai CX 24,Disco de Freio,Bosch,Linha Hyundai,92.35,54.90,CX 24,S,
SKU00123,Disco de Freio Cofap Linha Nissan KIT 3,Disco de Freio,Cofap,Linha Nissan,87.13,54.51,KIT 3,S,
SKU00124,Disco de Freio Cofap Linha Honda CX 24,Disco de Freio,Cofap,Linha Honda,183.76,106.78,CX 24,S,
SKU00125,Disco de Freio Nakata Linha Citroën UN,Disco de Freio,Nakata,Linha Citroën,83.58,51.10,UN,S,
SKU00126,Disco de Freio Cofap Linha Fiat KIT 5,Disco de Freio,Cofap,Linha Fiat,86.22,50.98,KIT 5,N,
SKU00127,Disco de Freio Nakata Linha Peugeot CX 12,Disco de Freio,Nakata,Linha Peugeot,81.26,46.67,CX 12,S,2025-03-25
SKU00128,Disco de Freio Bosch Linha Fiat CX 24,Disco de Freio,Bosch,Linha Fiat,208.72,127.20,CX 24,S,2026-01-23
SKU00129,Disco de Freio Bosch Linha Toyota CX 6,Disco de Freio,Bosch,Linha Toyota,87.80,54.30,CX 6,S,
SKU00130,Disco de Freio Bosch Linha Honda CX 6,Disco de Freio,Bosch,Linha Honda,161.02,89.41,CX 6,S,
SKU00131,Disco de Freio Bosch Linha GM CX 12,Disco de Freio,Bosch,Linha GM,104.15,61.06,CX 12,S,
SKU00132,Disco de Freio Cofap Linha GM CX 24,Disco de Freio,Cofap,Linha GM,77.03,44.45,CX 24,S,
SKU00133,Disco de Freio Cofap Linha Renault UN,Disco de Freio,Cofap,Linha Renault,70.27,42.37,UN,S,2026-02-22
SKU00134,Disco de Freio Nakata Linha Fiat CX 24,Disco de Freio,Nakata,Linha Fiat,88.61,53.49,CX 24,S,
SKU00135,Disco de Freio Cofap Linha Fiat KIT 5,Disco de Freio,Cofap,Linha Fiat,153.15,95.84,KIT 5,S,
SKU00136,Disco de Freio Bosch Linha Nissan CX 12,Disco de Freio,Bosch,Linha Nissan,91.14,50.33,CX 12,S,
SKU00137,Disco de Freio Nakata Linha Ford CX 6,Disco de Freio,Nakata,Linha Ford,86.79,48.63,CX 6,S,2024-12-19
SKU00138,Disco de Freio Bosch Linha Hyundai CX 6,Disco de Freio,Bosch,Linha Hyundai,136.79,78.38,CX 6,S,
SKU00139,Disco de Freio Cofap Linha Toyota KIT 3,Disco de Freio,Cofap,Linha Toyota,113.96,68.27,KIT 3,S,
SKU00140,Disco de Freio Bosch Linha Renault CX 12,Disco de Freio,Bosch,Linha Renault,158.38,87.78,CX 12,S,
SKU00141,Disco de Freio Bosch Linha Honda CX 12,Disco de Freio,Bosch,Linha Honda,107.45,66.13,CX 12,S,
SKU00142,Disco de Freio Bosch Linha VW CX 24,Disco de Freio,Bosch,Linha VW,63.36,35.61,CX 24,N,
SKU00143,Disco de Freio Nakata Linha VW CX 12,Disco de Freio,Nakata,Linha VW,86.24,48.41,CX 12,S,
SKU00144,Correia Dentada Bosch Linha VW KIT 3,Correia Dentada,Bosch,Linha VW,57.20,36.72,KIT 3,S,
SKU00145,Correia Dentada Bosch Linha VW KIT 5,Correia Dentada,Bosch,Linha VW,62.09,40.76,KIT 5,S,
SKU00146,Correia Dentada Fram Linha Ford CX 6,Correia Dentada,Fram,Linha Ford,40.48,23.57,CX 6,N,
SKU00147,Correia Dentada Fram Linha Fiat KIT 5,Correia Dentada,Fram,Linha Fiat,88.72,58.36,KIT 5,S,
SKU00148,Correia Dentada SKF Linha Peugeot CX 6,Correia Dentada,SKF,Linha Peugeot,83.73,52.33,CX 6,S,
SKU00149,Correia Dentada Fram Linha Toyota CX 12,Correia Dentada,Fram,Linha Toyota,82.70,54.28,CX 12,S,
SKU00150,Correia Dentada Bosch Linha Peugeot CX 6,Correia Dentada,Bosch,Linha Peugeot,89.25,55.80,CX 6,S,
SKU00151,Correia Dentada Fram Linha Nissan KIT 5,Correia Dentada,Fram,Linha Nissan,55.59,32.27,KIT 5,S,
SKU00152,Correia Dentada Fram Linha Ford CX 12,Correia Dentada,Fram,Linha Ford,52.62,33.59,CX 12,N,2025-02-19
SKU00153,Correia Dentada Bosch Linha Renault KIT 3,Correia Dentada,Bosch,Linha Renault,71.58,43.23,KIT 3,S,
SKU00154,Correia Dentada Fram Linha VW UN,Correia Dentada,Fram,Linha VW,43.94,26.02,UN,S,
SKU00155,Correia Dentada SKF Linha Renault KIT 3,Correia Dentada,SKF,Linha Renault,93.75,57.98,KIT 3,S,
SKU00156,Correia Dentada Fram Linha Toyota CX 24,Correia Dentada,Fram,Linha Toyota,62.67,40.99,CX 24,S,
SKU00157,Correia Dentada Bosch Linha Honda CX 24,Correia Dentada,Bosch,Linha Honda,75.09,45.02,CX 24,N,
SKU00158,Correia Dentada Bosch Linha Fiat CX 12,Correia Dentada,Bosch,Linha Fiat,56.04,34.83,CX 12,N,
SKU00159,Correia Dentada Bosch Linha Hyundai KIT 5,Correia Dentada,Bosch,Linha Hyundai,68.55,42.16,KIT 5,S,2026-05-10
SKU00160,Correia Dentada Bosch Linha Toyota CX 6,Correia Dentada,Bosch,Linha Toyota,84.08,51.32,CX 6,N,
SKU00161,Correia Dentada Fram Linha Toyota CX 24,Correia Dentada,Fram,Linha Toyota,60.51,36.09,CX 24,S,
SKU00162,Correia Dentada Fram Linha Honda CX 24,Correia Dentada,Fram,Linha Honda,47.16,29.28,CX 24,S,
SKU00163,Correia Dentada Bosch Linha Fiat CX 24,Correia Dentada,Bosch,Linha Fiat,36.65,23.17,CX 24,S,
SKU00164,Correia Dentada Magneti Marelli Linha Hyundai KIT 5,Correia Dentada,Magneti Marelli,Linha Hyundai,63.18,38.45,KIT 5,S,
SKU00165,Correia Dentada Fram Linha GM CX 12,Correia Dentada,Fram,Linha GM,78.22,47.53,CX 12,S,
SKU00166,Correia Dentada Fram Linha GM UN,Correia Dentada,Fram,Linha GM,78.04,50.54,UN,S,
SKU00167,Correia Dentada Bosch Universal UN,Correia Dentada,Bosch,Universal,71.17,41.39,UN,S,2026-01-05
SKU00168,Correia Dentada Fram Linha Ford KIT 3,Correia Dentada,Fram,Linha Ford,44.30,28.84,KIT 3,S,
SKU00169,Correia Dentada Fram Linha Toyota KIT 3,Correia Dentada,Fram,Linha Toyota,50.61,31.22,KIT 3,S,
SKU00170,Correia Dentada Fram Linha Renault UN,Correia Dentada,Fram,Linha Renault,75.54,48.65,UN,S,
SKU00171,Correia Dentada Fram Linha GM KIT 5,Correia Dentada,Fram,Linha GM,95.23,58.36,KIT 5,S,
SKU00172,Correia Dentada SKF Linha Ford KIT 5,Correia Dentada,SKF,Linha Ford,36.91,22.17,KIT 5,S,
SKU00173,Correia Dentada SKF Linha GM CX 24,Correia Dentada,SKF,Linha GM,43.85,25.58,CX 24,S,
SKU00174,Vela de Ignição Monroe Linha Honda CX 6,Vela de Ignição,Monroe,Linha Honda,546.65,368.48,CX 6,S,
SKU00175,Vela de Ignição Bosch Linha Honda CX 24,Vela de Ignição,Bosch,Linha Honda,454.25,290.61,CX 24,S,
SKU00176,Vela de Ignição NGK Linha Ford CX 6,Vela de Ignição,NGK,Linha Ford,249.61,160.12,CX 6,S,
SKU00177,Vela de Ignição Magneti Marelli Linha GM UN,Vela de Ignição,Magneti Marelli,Linha GM,353.83,223.09,UN,S,
SKU00178,Vela de Ignição Bosch Linha Citroën UN,Vela de Ignição,Bosch,Linha Citroën,172.12,113.46,UN,S,
SKU00179,Vela de Ignição Magneti Marelli Linha Peugeot CX 24,Vela de Ignição,Magneti Marelli,Linha Peugeot,252.97,162.35,CX 24,S,2025-01-07
SKU00180,Vela de Ignição NGK Linha GM CX 6,Vela de Ignição,NGK,Linha GM,614.08,414.47,CX 6,N,2025-10-08
SKU00181,Vela de Ignição Magneti Marelli Linha Ford CX 6,Vela de Ignição,Magneti Marelli,Linha Ford,435.40,274.42,CX 6,S,
SKU00182,Vela de Ignição Monroe Linha Renault CX 12,Vela de Ignição,Monroe,Linha Renault,313.38,198.43,CX 12,S,
SKU00183,Vela de Ignição Bosch Linha Citroën KIT 3,Vela de Ignição,Bosch,Linha Citroën,572.68,360.01,KIT 3,S,
SKU00184,Vela de Ignição Magneti Marelli Linha GM CX 12,Vela de Ignição,Magneti Marelli,Linha GM,242.02,163.22,CX 12,S,
SKU00185,Vela de Ignição Bosch Linha Honda CX 12,Vela de Ignição,Bosch,Linha Honda,392.47,263.09,CX 12,S,
SKU00186,Vela de Ignição NGK Linha Fiat KIT 5,Vela de Ignição,NGK,Linha Fiat,208.21,140.28,KIT 5,S,
SKU00187,Vela de Ignição Monroe Universal KIT 3,Vela de Ignição,Monroe,Universal,151.22,93.96,KIT 3,S,2025-01-31
SKU00188,Vela de Ignição NGK Linha GM CX 6,Vela de Ignição,NGK,Linha GM,188.57,118.31,CX 6,S,
SKU00189,Vela de Ignição Monroe Linha GM CX 6,Vela de Ignição,Monroe,Linha GM,554.76,381.64,CX 6,S,
SKU00190,Vela de Ignição Monroe Linha Honda CX 12,Vela de Ignição,Monroe,Linha Honda,653.76,437.99,CX 12,S,
SKU00191,Vela de Ignição Monroe Linha Nissan KIT 3,Vela de Ignição,Monroe,Linha Nissan,433.54,282.35,KIT 3,S,
SKU00192,Vela de Ignição Magneti Marelli Linha VW CX 24,Vela de Ignição,Magneti Marelli,Linha VW,494.39,329.77,CX 24,N,
SKU00193,Vela de Ignição Bosch Linha Nissan CX 24,Vela de Ignição,Bosch,Linha Nissan,687.06,419.53,CX 24,S,
SKU00194,Vela de Ignição Monroe Linha Peugeot CX 12,Vela de Ignição,Monroe,Linha Peugeot,399.75,244.53,CX 12,S,2026-05-26
SKU00195,Vela de Ignição Magneti Marelli Linha Renault KIT 3,Vela de Ignição,Magneti Marelli,Linha Renault,366.67,233.91,KIT 3,S,2025-12-08
SKU00196,Vela de Ignição Monroe Linha Citroën CX 6,Vela de Ignição,Monroe,Linha Citroën,268.13,174.46,CX 6,S,
SKU00197,Vela de Ignição Monroe Linha Honda UN,Vela de Ignição,Monroe,Linha Honda,204.16,125.59,UN,S,
SKU00198,Vela de Ignição Monroe Linha Citroën UN,Vela de Ignição,Monroe,Linha Citroën,608.47,389.86,UN,S,
SKU00199,Vela de Ignição Bosch Linha Fiat CX 6,Vela de Ignição,Bosch,Linha Fiat,154.00,96.51,CX 6,S,
SKU00200,Vela de Ignição NGK Linha Hyundai KIT 3,Vela de Ignição,NGK,Linha Hyundai,285.97,189.71,KIT 3,S,
SKU00201,Vela de Ignição Magneti Marelli Linha Nissan CX 24,Vela de Ignição,Magneti Marelli,Linha Nissan,212.78,130.80,CX 24,S,
SKU00202,Vela de Ignição Bosch Linha Nissan CX 24,Vela de Ignição,Bosch,Linha Nissan,300.65,198.52,CX 24,N,
SKU00203,Vela de Ignição Bosch Linha Fiat CX 24,Vela de Ignição,Bosch,Linha Fiat,301.32,193.88,CX 24,S,
SKU00204,Óleo Lubrificante SKF Linha Citroën CX 24,Óleo Lubrificante,SKF,Linha Citroën,34.32,22.38,CX 24,N,
SKU00205,Óleo Lubrificante Bosch Linha Hyundai KIT 3,Óleo Lubrificante,Bosch,Linha Hyundai,80.32,50.09,KIT 3,S,
SKU00206,Óleo Lubrificante SKF Linha GM CX 6,Óleo Lubrificante,SKF,Linha GM,57.88,37.87,CX 6,S,
SKU00207,Óleo Lubrificante Bosch Linha Honda KIT 5,Óleo Lubrificante,Bosch,Linha Honda,84.01,53.21,KIT 5,S,2026-05-24
SKU00208,Óleo Lubrificante Fram Linha VW KIT 3,Óleo Lubrificante,Fram,Linha VW,79.82,49.53,KIT 3,S,
SKU00209,Óleo Lubrificante SKF Linha GM KIT 5,Óleo Lubrificante,SKF,Linha GM,58.27,35.14,KIT 5,S,2026-03-12
SKU00210,Óleo Lubrificante SKF Linha VW CX 24,Óleo Lubrificante,SKF,Linha VW,71.33,46.01,CX 24,S,
SKU00211,Óleo Lubrificante Fram Linha Ford CX 24,Óleo Lubrificante,Fram,Linha Ford,85.69,56.20,CX 24,N,
SKU00212,Óleo Lubrificante Fram Linha Renault KIT 3,Óleo Lubrificante,Fram,Linha Renault,85.34,53.35,KIT 3,S,2025-12-19
SKU00213,Óleo Lubrificante Bosch Linha Renault UN,Óleo Lubrificante,Bosch,Linha Renault,55.69,35.69,UN,S,
SKU00214,Óleo Lubrificante SKF Linha Hyundai KIT 3,Óleo Lubrificante,SKF,Linha Hyundai,69.52,42.46,KIT 3,S,2026-02-10
SKU00215,Óleo Lubrificante SKF Linha VW UN,Óleo Lubrificante,SKF,Linha VW,32.46,20.42,UN,S,
SKU00216,Óleo Lubrificante Fram Linha GM CX 12,Óleo Lubrificante,Fram,Linha GM,31.58,21.35,CX 12,S,2026-01-17
SKU00217,Óleo Lubrificante SKF Linha Toyota UN,Óleo Lubrificante,SKF,Linha Toyota,45.09,29.59,UN,S,
SKU00218,Óleo Lubrificante SKF Linha Peugeot CX 12,Óleo Lubrificante,SKF,Linha Peugeot,55.67,33.95,CX 12,S,2025-09-06
SKU00219,Óleo Lubrificante SKF Universal CX 24,Óleo Lubrificante,SKF,Universal,32.04,20.76,CX 24,S,
SKU00220,Óleo Lubrificante Bosch Linha Ford UN,Óleo Lubrificante,Bosch,Linha Ford,65.80,44.42,UN,S,2026-02-19
SKU00221,Óleo Lubrificante Fram Linha Ford KIT 5,Óleo Lubrificante,Fram,Linha Ford,63.34,39.62,KIT 5,S,
SKU00222,Óleo Lubrificante Bosch Linha Hyundai UN,Óleo Lubrificante,Bosch,Linha Hyundai,48.47,31.98,UN,S,
SKU00223,Óleo Lubrificante Fram Linha Citroën KIT 5,Óleo Lubrificante,Fram,Linha Citroën,59.35,35.93,KIT 5,S,
SKU00224,Óleo Lubrificante SKF Linha Fiat UN,Óleo Lubrificante,SKF,Linha Fiat,83.98,51.58,UN,S,
SKU00225,Óleo Lubrificante Bosch Linha Fiat CX 24,Óleo Lubrificante,Bosch,Linha Fiat,84.23,53.23,CX 24,S,2025-01-28
SKU00226,Lâmpada Automotiva NGK Linha Peugeot CX 12,Lâmpada Automotiva,NGK,Linha Peugeot,44.66,22.27,CX 12,S,
SKU00227,Lâmpada Automotiva Varga Universal CX 24,Lâmpada Automotiva,Varga,Universal,18.93,9.94,CX 24,S,
SKU00228,Lâmpada Automotiva NGK Linha Nissan CX 24,Lâmpada Automotiva,NGK,Linha Nissan,24.33,11.57,CX 24,S,2025-02-16
SKU00229,Lâmpada Automotiva NGK Linha Hyundai CX 12,Lâmpada Automotiva,NGK,Linha Hyundai,44.32,22.73,CX 12,S,
SKU00230,Lâmpada Automotiva Cofap Linha Nissan CX 12,Lâmpada Automotiva,Cofap,Linha Nissan,64.62,33.71,CX 12,S,
SKU00231,Lâmpada Automotiva Varga Linha Hyundai KIT 3,Lâmpada Automotiva,Varga,Linha Hyundai,41.53,20.35,KIT 3,S,
SKU00232,Lâmpada Automotiva Varga Linha Ford CX 24,Lâmpada Automotiva,Varga,Linha Ford,49.40,26.50,CX 24,S,
SKU00233,Lâmpada Automotiva Cofap Linha Toyota KIT 5,Lâmpada Automotiva,Cofap,Linha Toyota,46.48,22.50,KIT 5,S,
SKU00234,Lâmpada Automotiva Varga Linha Honda CX 6,Lâmpada Automotiva,Varga,Linha Honda,41.22,20.62,CX 6,S,
SKU00235,Lâmpada Automotiva NGK Linha Honda KIT 3,Lâmpada Automotiva,NGK,Linha Honda,66.46,35.18,KIT 3,N,
SKU00236,Lâmpada Automotiva Cofap Linha Honda KIT 3,Lâmpada Automotiva,Cofap,Linha Honda,45.73,23.85,KIT 3,S,
SKU00237,Lâmpada Automotiva Varga Linha VW CX 6,Lâmpada Automotiva,Varga,Linha VW,60.11,29.39,CX 6,S,2025-04-18
SKU00238,Lâmpada Automotiva NGK Linha Renault CX 24,Lâmpada Automotiva,NGK,Linha Renault,51.05,25.07,CX 24,S,
SKU00239,Lâmpada Automotiva Varga Linha Renault KIT 5,Lâmpada Automotiva,Varga,Linha Renault,15.33,7.97,KIT 5,S,
SKU00240,Lâmpada Automotiva NGK Linha Ford CX 12,Lâmpada Automotiva,NGK,Linha Ford,16.11,8.55,CX 12,S,
SKU00241,Lâmpada Automotiva Cofap Linha GM CX 6,Lâmpada Automotiva,Cofap,Linha GM,28.02,12.90,CX 6,S,
SKU00242,Lâmpada Automotiva Cofap Linha Hyundai CX 24,Lâmpada Automotiva,Cofap,Linha Hyundai,50.13,25.32,CX 24,S,
SKU00243,Lâmpada Automotiva Cofap Universal KIT 5,Lâmpada Automotiva,Cofap,Universal,53.55,26.58,KIT 5,S,
SKU00244,Lâmpada Automotiva Cofap Linha Ford KIT 5,Lâmpada Automotiva,Cofap,Linha Ford,40.39,19.28,KIT 5,S,
SKU00245,Lâmpada Automotiva Cofap Universal KIT 5,Lâmpada Automotiva,Cofap,Universal,31.14,16.02,KIT 5,S,
SKU00246,Lâmpada Automotiva NGK Linha VW CX 12,Lâmpada Automotiva,NGK,Linha VW,46.42,22.50,CX 12,S,
SKU00247,Lâmpada Automotiva NGK Linha VW UN,Lâmpada Automotiva,NGK,Linha VW,59.96,31.96,UN,N,
SKU00248,Amortecedor Varga Linha Citroën UN,Amortecedor,Varga,Linha Citroën,59.28,31.55,UN,S,
SKU00249,Amortecedor Varga Linha GM KIT 3,Amortecedor,Varga,Linha GM,105.39,63.97,KIT 3,S,
SKU00250,Amortecedor Varga Linha Ford CX 24,Amortecedor,Varga,Linha Ford,69.13,39.29,CX 24,S,2025-09-12
SKU00251,Amortecedor Varga Linha Ford CX 12,Amortecedor,Varga,Linha Ford,55.89,32.30,CX 12,S,
SKU00252,Amortecedor Varga Linha Toyota UN,Amortecedor,Varga,Linha Toyota,100.47,53.31,UN,S,
SKU00253,Amortecedor Varga Linha GM KIT 3,Amortecedor,Varga,Linha GM,122.40,65.54,KIT 3,S,
SKU00254,Amortecedor Varga Linha VW CX 24,Amortecedor,Varga,Linha VW,113.38,62.04,CX 24,S,
SKU00255,Amortecedor Tecfil Linha GM KIT 5,Amortecedor,Tecfil,Linha GM,160.17,95.73,KIT 5,S,
SKU00256,Amortecedor Tecfil Universal KIT 5,Amortecedor,Tecfil,Universal,70.21,40.51,KIT 5,S,
SKU00257,Amortecedor Tecfil Linha Nissan UN,Amortecedor,Tecfil,Linha Nissan,89.72,50.25,UN,S,
SKU00258,Amortecedor Varga Linha VW CX 12,Amortecedor,Varga,Linha VW,134.63,73.13,CX 12,S,
SKU00259,Amortecedor Nakata Linha Fiat CX 12,Amortecedor,Nakata,Linha Fiat,55.57,30.88,CX 12,S,
SKU00260,Amortecedor Nakata Linha Toyota CX 24,Amortecedor,Nakata,Linha Toyota,119.32,72.11,CX 24,S,
SKU00261,Amortecedor Nakata Linha VW CX 6,Amortecedor,Nakata,Linha VW,140.01,75.87,CX 6,S,
SKU00262,Amortecedor Tecfil Linha VW KIT 3,Amortecedor,Tecfil,Linha VW,153.25,92.91,KIT 3,S,
SKU00263,Amortecedor Nakata Universal CX 24,Amortecedor,Nakata,Universal,128.31,70.70,CX 24,S,
SKU00264,Amortecedor Nakata Linha Toyota CX 12,Amortecedor,Nakata,Linha Toyota,138.37,73.87,CX 12,S,
SKU00265,Amortecedor Tecfil Linha Citroën KIT 3,Amortecedor,Tecfil,Linha Citroën,64.75,35.08,KIT 3,S,2025-04-13
SKU00266,Amortecedor Nakata Linha VW CX 12,Amortecedor,Nakata,Linha VW,122.02,68.23,CX 12,S,
SKU00267,Amortecedor Varga Linha Renault KIT 5,Amortecedor,Varga,Linha Renault,152.91,87.35,KIT 5,N,
SKU00268,Amortecedor Varga Linha Peugeot CX 24,Amortecedor,Varga,Linha Peugeot,85.03,51.00,CX 24,S,
SKU00269,Amortecedor Tecfil Linha Citroën CX 24,Amortecedor,Tecfil,Linha Citroën,56.32,29.91,CX 24,S,
SKU00270,Amortecedor Nakata Linha Fiat CX 12,Amortecedor,Nakata,Linha Fiat,120.35,73.28,CX 12,N,
SKU00271,Amortecedor Varga Linha Hyundai CX 6,Amortecedor,Varga,Linha Hyundai,125.64,71.19,CX 6,S,
SKU00272,Amortecedor Varga Linha Hyundai UN,Amortecedor,Varga,Linha Hyundai,67.70,40.72,UN,S,
SKU00273,Amortecedor Tecfil Linha Hyundai UN,Amortecedor,Tecfil,Linha Hyundai,136.29,79.78,UN,N,2025-05-10
SKU00274,Amortecedor Magneti Marelli Linha Fiat UN,Amortecedor,Magneti Marelli,Linha Fiat,127.89,72.62,UN,S,
SKU00275,Amortecedor Nakata Linha Toyota CX 6,Amortecedor,Nakata,Linha Toyota,72.75,38.96,CX 6,S,
SKU00276,Amortecedor Tecfil Linha Renault KIT 5,Amortecedor,Tecfil,Linha Renault,163.94,90.92,KIT 5,S,
SKU00277,Amortecedor Varga Linha Toyota KIT 3,Amortecedor,Varga,Linha Toyota,92.87,52.38,KIT 3,S,2025-01-07
SKU00278,Palheta Limpador Cofap Linha Renault CX 6,Palheta Limpador,Cofap,Linha Renault,39.60,23.98,CX 6,S,2025-06-23
SKU00279,Palheta Limpador Cofap Linha Renault CX 6,Palheta Limpador,Cofap,Linha Renault,37.93,23.87,CX 6,S,
SKU00280,Palheta Limpador SKF Linha Toyota CX 12,Palheta Limpador,SKF,Linha Toyota,45.88,29.19,CX 12,S,
SKU00281,Palheta Limpador Cofap Linha Nissan KIT 3,Palheta Limpador,Cofap,Linha Nissan,19.51,12.10,KIT 3,S,2024-11-26
SKU00282,Palheta Limpador SKF Linha GM CX 6,Palheta Limpador,SKF,Linha GM,23.09,14.61,CX 6,S,
SKU00283,Palheta Limpador Cofap Linha Citroën KIT 3,Palheta Limpador,Cofap,Linha Citroën,52.79,30.23,KIT 3,S,
SKU00284,Palheta Limpador Cofap Linha GM KIT 3,Palheta Limpador,Cofap,Linha GM,51.66,32.38,KIT 3,S,2025-03-22
SKU00285,Palheta Limpador Cofap Linha Fiat KIT 3,Palheta Limpador,Cofap,Linha Fiat,33.59,18.86,KIT 3,S,
SKU00286,Palheta Limpador Cofap Linha Citroën CX 24,Palheta Limpador,Cofap,Linha Citroën,36.98,22.42,CX 24,S,
SKU00287,Palheta Limpador Cofap Linha Toyota KIT 5,Palheta Limpador,Cofap,Linha Toyota,35.41,21.22,KIT 5,S,
SKU00288,Palheta Limpador Cofap Linha Nissan KIT 5,Palheta Limpador,Cofap,Linha Nissan,52.41,32.75,KIT 5,S,
SKU00289,Palheta Limpador Cofap Linha Honda CX 24,Palheta Limpador,Cofap,Linha Honda,22.98,12.92,CX 24,S,
SKU00290,Palheta Limpador SKF Linha Renault KIT 5,Palheta Limpador,SKF,Linha Renault,22.96,13.78,KIT 5,S,
SKU00291,Palheta Limpador SKF Linha Ford UN,Palheta Limpador,SKF,Linha Ford,37.40,23.38,UN,S,
SKU00292,Palheta Limpador Cofap Linha Peugeot CX 6,Palheta Limpador,Cofap,Linha Peugeot,49.53,29.28,CX 6,S,2025-10-24
